{
  "OUTCOME": 0.1505725419199712,
  "OUTCOME_2": 0.057971382435319296,
  "OUTCOME_3": 0.0
}