{
  "OUTCOME": 0.3590795551110684,
  "OUTCOME_2": 0.11657034755818894,
  "OUTCOME_3": 0.0
}