{
  "OUTCOME": 0.3612622303540957,
  "OUTCOME_2": 0.1176259459940449,
  "OUTCOME_3": 0.0
}