{
  "OUTCOME": 0.35824470364440275,
  "OUTCOME_2": 0.11844298826162532,
  "OUTCOME_3": 0.0
}