{
  "OUTCOME": 0.11155638704232648,
  "OUTCOME_2": 0.04156885964387207,
  "OUTCOME_3": 0.0
}