{
  "OUTCOME": 0.3601130887786599,
  "OUTCOME_2": 0.11184019738736997,
  "OUTCOME_3": 0.0
}