{
  "OUTCOME": 0.15825524338394484,
  "OUTCOME_2": 0.06094186535081106,
  "OUTCOME_3": 0.0
}