{
  "OUTCOME": 0.3560434609340497,
  "OUTCOME_2": 0.11607207558740981,
  "OUTCOME_3": 0.0
}