{
  "OUTCOME": 0.35938725986766507,
  "OUTCOME_2": 0.11154932537556543,
  "OUTCOME_3": 0.0
}