{
  "OUTCOME": 0.3576132415243856,
  "OUTCOME_2": 0.1159298302513239,
  "OUTCOME_3": 0.0
}