{
  "OUTCOME": 0.35672064393120456,
  "OUTCOME_2": 0.1190888362468873,
  "OUTCOME_3": 0.0
}