{
  "OUTCOME": 0.3607166501599299,
  "OUTCOME_2": 0.11792139559946738,
  "OUTCOME_3": 0.0
}