{
  "OUTCOME": 0.14001343333976862,
  "OUTCOME_2": 0.0542289591856809,
  "OUTCOME_3": 0.0
}